product_id,platform,units,revenue,ad_units,ad_revenue
A230,Instagram,323,29578.25,323,29578.25
E130,LinkedIn,993,37153.35,993,37153.35
S500,Instagram,877,166015.75,877,166015.75
A220,YouTube,412,21150.25,412,21150.25
H310,Instagram,552,36369.9,552,36369.9
E130,Organic,9744,363468.3,950,34585.2
B410,Instagram,537,14536.2,537,14536.2
B430,Organic,5939,107639.75,560,10158.35
H320,Organic,5372,178918.25,548,18012.75
A200,Organic,7011,168098.75,660,15648.75
H310,LinkedIn,528,34758.75,528,34758.75
S500,Organic,9095,1728404.55,906,173528.0
B420,LinkedIn,496,11350.8,496,11350.8
A210,Organic,5843,252276.75,602,26401.5
S520,Organic,9251,159597.9,887,15347.7
E100,Organic,4107,308929.5,399,29407.75
B410,Mailchimp,560,15066.8,560,15066.8
B410,LinkedIn,550,14698.6,550,14698.6
S520,GoogleAds,886,15312.6,886,15312.6
E120,Mailchimp,308,28893.15,308,28893.15
H310,Organic,5635,372320.55,569,37232.4
S530,Instagram,385,9979.2,385,9979.2
E120,Organic,3273,310860.0,318,29997.0
H300,Organic,2791,77354.6,241,6439.45
S520,Instagram,936,16086.6,936,16086.6
H320,YouTube,542,17953.25,542,17953.25
E130,Instagram,958,35072.7,958,35072.7
E130,YouTube,989,36777.0,989,36777.0
A220,X,408,21441.75,408,21441.75
S530,Organic,3832,98437.95,399,10223.55
E100,GoogleAds,429,32449.25,429,32449.25
S500,LinkedIn,866,164961.05,866,164961.05
B430,Instagram,628,11255.6,628,11255.6
H330,GoogleAds,515,61732.95,515,61732.95
B400,Instagram,278,8416.0,278,8416.0
S500,YouTube,985,185448.1,985,185448.1
B410,Organic,5334,142741.2,555,15005.2
S510,YouTube,414,8662.5,414,8662.5
B430,Mailchimp,566,10380.65,566,10380.65
E110,Organic,3455,489077.6,377,52760.9
E120,YouTube,345,33140.25,345,33140.25
B420,X,511,11884.8,511,11884.8
B400,LinkedIn,267,8230.4,267,8230.4
B420,Organic,5047,115551.6,421,9651.6
A230,LinkedIn,342,30656.5,342,30656.5
B420,Instagram,532,12272.4,532,12272.4
S500,Mailchimp,849,162204.9,849,162204.9
E120,Instagram,353,33600.6,353,33600.6
H300,Instagram,303,8396.95,303,8396.95
A200,Instagram,642,15576.25,642,15576.25
S510,Instagram,341,7137.9,341,7137.9
A220,Organic,3838,201536.5,354,18815.5
H310,YouTube,556,36400.95,556,36400.95
H320,LinkedIn,538,18142.25,538,18142.25
B400,X,313,9566.4,313,9566.4
S530,YouTube,442,11398.05,442,11398.05
E100,Instagram,432,32986.45,432,32986.45
B400,Organic,3067,93769.6,258,8019.2
S510,Organic,3480,72923.4,315,6638.5
A220,Instagram,427,22616.0,427,22616.0
H320,Instagram,521,17678.5,521,17678.5
H330,Organic,4423,541380.75,450,55798.95
A210,X,589,25620.75,589,25620.75
B400,YouTube,370,11432.0,370,11432.0
A230,Organic,3307,301150.0,336,30466.5
A210,Instagram,622,26991.0,622,26991.0
A230,YouTube,342,31188.5,342,31188.5
A200,LinkedIn,757,17615.0,757,17615.0
B410,YouTube,541,14413.0,541,14413.0
B430,YouTube,633,11428.5,633,11428.5
S520,YouTube,984,16663.5,984,16663.5
H330,Mailchimp,451,56263.35,451,56263.35
H300,Mailchimp,273,7567.55,273,7567.55
S510,X,340,7097.2,340,7097.2
H320,X,564,18889.5,564,18889.5
E110,YouTube,358,51621.05,358,51621.05
E130,X,932,35109.75,932,35109.75
E110,X,363,51658.3,363,51658.3
H310,Mailchimp,443,29038.65,443,29038.65
H320,GoogleAds,550,18278.75,550,18278.75
E130,Mailchimp,914,33762.3,914,33762.3
H330,YouTube,446,55037.85,446,55037.85
E130,GoogleAds,1013,38210.25,1013,38210.25
S520,X,948,16224.3,948,16224.3
B420,GoogleAds,539,12442.8,539,12442.8
S520,LinkedIn,896,15379.2,896,15379.2
S530,GoogleAds,414,10555.65,414,10555.65
H330,Instagram,428,52303.05,428,52303.05
A230,GoogleAds,350,32015.0,350,32015.0
A200,X,732,17601.25,732,17601.25
S530,Mailchimp,386,10084.5,386,10084.5
A200,YouTube,806,19250.0,806,19250.0
B410,X,486,12891.2,486,12891.2
B400,GoogleAds,337,10459.2,337,10459.2
A200,GoogleAds,753,18031.25,753,18031.25
H310,GoogleAds,604,39588.75,604,39588.75
E110,Instagram,313,44580.8,313,44580.8
A210,Mailchimp,517,22401.0,517,22401.0
S500,GoogleAds,886,167667.45,886,167667.45
B430,LinkedIn,560,10146.95,560,10146.95
A220,LinkedIn,388,20471.0,388,20471.0
E110,GoogleAds,378,53185.55,378,53185.55
A230,X,350,31758.5,350,31758.5
E100,Mailchimp,378,28850.8,378,28850.8
A220,Mailchimp,400,21309.75,400,21309.75
H310,X,566,37360.05,566,37360.05
B420,Mailchimp,544,12327.6,544,12327.6
A200,Mailchimp,659,15560.0,659,15560.0
E120,X,315,29972.25,315,29972.25
S520,Mailchimp,868,14627.7,868,14627.7
A220,GoogleAds,462,23743.5,462,23743.5
H300,LinkedIn,285,7863.35,285,7863.35
S530,X,393,10316.7,393,10316.7
A210,YouTube,608,26023.5,608,26023.5
A210,GoogleAds,583,25386.75,583,25386.75
E110,LinkedIn,322,46808.35,322,46808.35
B430,X,558,10234.35,558,10234.35
E110,Mailchimp,324,46003.75,324,46003.75
B410,GoogleAds,601,16315.6,601,16315.6
B430,GoogleAds,627,11512.1,627,11512.1
S500,X,931,180453.2,931,180453.2
H300,GoogleAds,308,8536.15,308,8536.15
S510,GoogleAds,364,7627.4,364,7627.4
E100,YouTube,430,32737.6,430,32737.6
E120,LinkedIn,309,29546.55,309,29546.55
E100,X,372,27484.1,372,27484.1
H330,X,445,56192.4,445,56192.4
H300,X,281,7740.1,281,7740.1
H300,YouTube,275,7586.4,275,7586.4
B420,YouTube,441,9932.4,441,9932.4
A210,LinkedIn,540,23310.0,540,23310.0
E100,LinkedIn,390,29538.1,390,29538.1
E120,GoogleAds,340,32293.8,340,32293.8
S510,LinkedIn,339,6899.2,339,6899.2
H330,LinkedIn,405,49684.35,405,49684.35
S510,Mailchimp,374,7870.5,374,7870.5
S530,LinkedIn,358,9282.6,358,9282.6
A230,Mailchimp,327,30181.5,327,30181.5
H320,Mailchimp,491,16513.0,491,16513.0
B400,Mailchimp,307,9505.6,307,9505.6
